Variable,Bin,Points
CODE_GENDER,['F'],13.837868106521274
CODE_GENDER,['M'],-3.0920691190848784
CODE_GENDER,Special,7.3875093272873205
CODE_GENDER,Missing,7.3875093272873205
AMT_CREDIT,"(-inf, 158105.25)",-1.7381198908591342
AMT_CREDIT,"[158105.25, 281394.00)",6.227115866719734
AMT_CREDIT,"[281394.00, 337630.50)",11.999974235263487
AMT_CREDIT,"[337630.50, 406309.50)",14.621409868231481
AMT_CREDIT,"[406309.50, 452565.00)",18.987975259227902
AMT_CREDIT,"[452565.00, 672320.25)",13.466970710006784
AMT_CREDIT,"[672320.25, 898380.00)",5.263808322900357
AMT_CREDIT,"[898380.00, 1123562.25)",2.3331896229919846
AMT_CREDIT,"[1123562.25, 1345173.75)",-1.186822271810163
AMT_CREDIT,"[1345173.75, inf)",-11.054564119123476
AMT_CREDIT,Special,7.3875093272873205
AMT_CREDIT,Missing,7.3875093272873205
AMT_ANNUITY,"(-inf, 13551.75)",11.489299550146566
AMT_ANNUITY,"[13551.75, 16409.25)",9.444054995298377
AMT_ANNUITY,"[16409.25, 23964.75)",5.388869556283806
AMT_ANNUITY,"[23964.75, 29837.25)",4.363760990274711
AMT_ANNUITY,"[29837.25, 31637.25)",-1.291881784731654
AMT_ANNUITY,"[31637.25, 37199.25)",6.176780756032278
AMT_ANNUITY,"[37199.25, 43715.25)",7.7957569329540135
AMT_ANNUITY,"[43715.25, 53057.25)",13.597805120920018
AMT_ANNUITY,"[53057.25, inf)",17.09751427276195
AMT_ANNUITY,Special,7.3875093272873205
AMT_ANNUITY,Missing,7.3875093272873205
AMT_GOODS_PRICE,"(-inf, 138321.00)",16.596391914990782
AMT_GOODS_PRICE,"[138321.00, 204957.00)",6.739729785808882
AMT_GOODS_PRICE,"[204957.00, 282703.50)",5.7159925896315995
AMT_GOODS_PRICE,"[282703.50, 407362.50)",-3.1950441710557476
AMT_GOODS_PRICE,"[407362.50, 450117.00)",-15.342003741666165
AMT_GOODS_PRICE,"[450117.00, 677889.00)",9.181024833349076
AMT_GOODS_PRICE,"[677889.00, 902371.50)",17.666838367889124
AMT_GOODS_PRICE,"[902371.50, 1272687.75)",22.36605237469425
AMT_GOODS_PRICE,"[1272687.75, inf)",32.57796861289522
AMT_GOODS_PRICE,Special,7.3875093272873205
AMT_GOODS_PRICE,Missing,7.3875093272873205
NAME_INCOME_TYPE,['Businessman' 'Maternity leave' 'Student' 'Pensioner'],14.010042315105508
NAME_INCOME_TYPE,['State servant'],12.6138349670485
NAME_INCOME_TYPE,['Commercial associate'],8.392359470410032
NAME_INCOME_TYPE,['Working' 'Unemployed'],4.6266095369189095
NAME_INCOME_TYPE,Special,7.3875093272873205
NAME_INCOME_TYPE,Missing,7.3875093272873205
NAME_EDUCATION_TYPE,['Academic degree' 'Higher education'],21.355306084533424
NAME_EDUCATION_TYPE,['Incomplete higher' 'Secondary / secondary special' 'Lower secondary'],3.801964400375823
NAME_EDUCATION_TYPE,Special,7.3875093272873205
NAME_EDUCATION_TYPE,Missing,7.3875093272873205
NAME_FAMILY_STATUS,['Unknown' 'Widow'],13.079088757639418
NAME_FAMILY_STATUS,['Married'],8.633459108328081
NAME_FAMILY_STATUS,['Separated'],7.5829651897023265
NAME_FAMILY_STATUS,['Single / not married'],3.5766901328818457
NAME_FAMILY_STATUS,['Civil marriage'],3.4458486410648828
NAME_FAMILY_STATUS,Special,7.3875093272873205
NAME_FAMILY_STATUS,Missing,7.3875093272873205
REGION_POPULATION_RELATIVE,"(-inf, 0.01)",7.385055873394331
REGION_POPULATION_RELATIVE,"[0.01, 0.02)",7.383693531983356
REGION_POPULATION_RELATIVE,"[0.02, 0.02)",7.381383382903923
REGION_POPULATION_RELATIVE,"[0.02, 0.02)",7.370997266603107
REGION_POPULATION_RELATIVE,"[0.02, 0.03)",7.389781732017871
REGION_POPULATION_RELATIVE,"[0.03, 0.04)",7.401142580017549
REGION_POPULATION_RELATIVE,"[0.04, inf)",7.4202656612615705
REGION_POPULATION_RELATIVE,Special,7.3875093272873205
REGION_POPULATION_RELATIVE,Missing,7.3875093272873205
DAYS_BIRTH,"(-inf, -23181.50)",7.592088847414926
DAYS_BIRTH,"[-23181.50, -20624.50)",7.5219728865049795
DAYS_BIRTH,"[-20624.50, -19503.50)",7.491557975279923
DAYS_BIRTH,"[-19503.50, -18322.50)",7.438615805142124
DAYS_BIRTH,"[-18322.50, -17357.50)",7.429629075531113
DAYS_BIRTH,"[-17357.50, -16364.50)",7.412840671386398
DAYS_BIRTH,"[-16364.50, -15342.50)",7.399294814549664
DAYS_BIRTH,"[-15342.50, -13915.50)",7.38044450956671
DAYS_BIRTH,"[-13915.50, -12725.50)",7.339760203115745
DAYS_BIRTH,"[-12725.50, -11678.50)",7.315113100400044
DAYS_BIRTH,"[-11678.50, -10318.50)",7.283679550927441
DAYS_BIRTH,"[-10318.50, -9401.50)",7.271597619107581
DAYS_BIRTH,"[-9401.50, inf)",7.2504539122486165
DAYS_BIRTH,Special,7.3875093272873205
DAYS_BIRTH,Missing,7.3875093272873205
DAYS_EMPLOYED,"(-inf, -5443.50)",17.002325552900935
DAYS_EMPLOYED,"[-5443.50, -3936.50)",13.051485877836164
DAYS_EMPLOYED,"[-3936.50, -3075.50)",10.534200281186836
DAYS_EMPLOYED,"[-3075.50, -2427.50)",9.110686721759166
DAYS_EMPLOYED,"[-2427.50, -1785.50)",7.399219641660132
DAYS_EMPLOYED,"[-1785.50, -1404.50)",5.485131355156991
DAYS_EMPLOYED,"[-1404.50, -952.50)",3.5996287176826547
DAYS_EMPLOYED,"[-952.50, -566.50)",2.3504955597305046
DAYS_EMPLOYED,"[-566.50, inf)",1.850950904121969
DAYS_EMPLOYED,Special,7.3875093272873205
DAYS_EMPLOYED,Missing,7.3875093272873205
DAYS_REGISTRATION,"(-inf, -10808.50)",15.771273254291998
DAYS_REGISTRATION,"[-10808.50, -9173.50)",14.028086967768484
DAYS_REGISTRATION,"[-9173.50, -8284.50)",10.879726227500937
DAYS_REGISTRATION,"[-8284.50, -7418.50)",10.226347458190872
DAYS_REGISTRATION,"[-7418.50, -5715.50)",8.7503859197691
DAYS_REGISTRATION,"[-5715.50, -4902.50)",6.218155003335399
DAYS_REGISTRATION,"[-4902.50, -1022.50)",5.737597516812087
DAYS_REGISTRATION,"[-1022.50, -532.50)",4.506815916489731
DAYS_REGISTRATION,"[-532.50, inf)",2.475996966755212
DAYS_REGISTRATION,Special,7.3875093272873205
DAYS_REGISTRATION,Missing,7.3875093272873205
DAYS_ID_PUBLISH,"(-inf, -4718.50)",11.943480130423493
DAYS_ID_PUBLISH,"[-4718.50, -4452.50)",11.69377152247499
DAYS_ID_PUBLISH,"[-4452.50, -4218.50)",10.851465235083683
DAYS_ID_PUBLISH,"[-4218.50, -4033.50)",8.90464119091189
DAYS_ID_PUBLISH,"[-4033.50, -3389.50)",7.744888136075571
DAYS_ID_PUBLISH,"[-3389.50, -3011.50)",7.319453404888199
DAYS_ID_PUBLISH,"[-3011.50, -2638.50)",6.276531816403027
DAYS_ID_PUBLISH,"[-2638.50, -1897.50)",6.014811376667187
DAYS_ID_PUBLISH,"[-1897.50, -1514.50)",4.946391745932837
DAYS_ID_PUBLISH,"[-1514.50, -1029.50)",4.726152941175069
DAYS_ID_PUBLISH,"[-1029.50, -386.50)",4.179167662241867
DAYS_ID_PUBLISH,"[-386.50, inf)",3.3286457183532168
DAYS_ID_PUBLISH,Special,7.3875093272873205
DAYS_ID_PUBLISH,Missing,7.3875093272873205
OWN_CAR_AGE,"(-inf, 3.50)",21.20036617726501
OWN_CAR_AGE,"[3.50, 7.50)",23.70280471425779
OWN_CAR_AGE,"[7.50, 11.50)",13.770190840162073
OWN_CAR_AGE,"[11.50, 16.50)",5.000708831793675
OWN_CAR_AGE,"[16.50, inf)",0.40098516560950337
OWN_CAR_AGE,Special,7.3875093272873205
OWN_CAR_AGE,Missing,7.3875093272873205
FLAG_EMP_PHONE,"(-inf, 0.50)",9.43570749184135
FLAG_EMP_PHONE,"[0.50, inf)",7.025721801655019
FLAG_EMP_PHONE,Special,7.3875093272873205
FLAG_EMP_PHONE,Missing,7.3875093272873205
OCCUPATION_TYPE,['Accountants' 'IT staff' 'Managers'],12.650741320722709
OCCUPATION_TYPE,"['High skill tech staff' 'Core staff' 'Private service staff'
 'Medicine staff' 'HR staff' 'Secretaries' 'Realty agents']",10.683454513814894
OCCUPATION_TYPE,['Cleaning staff' 'Sales staff'],4.685663737449003
OCCUPATION_TYPE,['Cooking staff' 'Laborers' 'Security staff'],3.192901950116039
OCCUPATION_TYPE,['Drivers' 'Waiters/barmen staff' 'Low-skill Laborers'],1.1943334649839388
OCCUPATION_TYPE,Special,7.3875093272873205
OCCUPATION_TYPE,Missing,7.3875093272873205
REGION_RATING_CLIENT,"(-inf, 1.50)",5.184527072033102
REGION_RATING_CLIENT,"[1.50, 2.50)",7.281241715475767
REGION_RATING_CLIENT,"[2.50, inf)",8.824009615664341
REGION_RATING_CLIENT,Special,7.3875093272873205
REGION_RATING_CLIENT,Missing,7.3875093272873205
REGION_RATING_CLIENT_W_CITY,"(-inf, 1.50)",20.109591389751674
REGION_RATING_CLIENT_W_CITY,"[1.50, 2.50)",7.933126309077634
REGION_RATING_CLIENT_W_CITY,"[2.50, inf)",-1.753307676101766
REGION_RATING_CLIENT_W_CITY,Special,7.3875093272873205
REGION_RATING_CLIENT_W_CITY,Missing,7.3875093272873205
EXT_SOURCE_1,"(-inf, 0.27)",-16.024125267581496
EXT_SOURCE_1,"[0.27, 0.41)",2.598861483634975
EXT_SOURCE_1,"[0.41, 0.53)",13.572186575114966
EXT_SOURCE_1,"[0.53, 0.62)",20.74626937800524
EXT_SOURCE_1,"[0.62, 0.70)",26.7247397428039
EXT_SOURCE_1,"[0.70, inf)",40.94070486458764
EXT_SOURCE_1,Special,7.3875093272873205
EXT_SOURCE_1,Missing,7.3875093272873205
EXT_SOURCE_2,"(-inf, 0.15)",-50.605299189035755
EXT_SOURCE_2,"[0.15, 0.26)",-23.49122302674494
EXT_SOURCE_2,"[0.26, 0.35)",-12.38453139789863
EXT_SOURCE_2,"[0.35, 0.41)",-4.943908724500919
EXT_SOURCE_2,"[0.41, 0.49)",2.622488716554146
EXT_SOURCE_2,"[0.49, 0.55)",9.743773919235615
EXT_SOURCE_2,"[0.55, 0.59)",17.1362869851408
EXT_SOURCE_2,"[0.59, 0.62)",19.246876052865094
EXT_SOURCE_2,"[0.62, 0.65)",27.280450973380876
EXT_SOURCE_2,"[0.65, 0.67)",30.85259213099575
EXT_SOURCE_2,"[0.67, 0.69)",37.49577746397158
EXT_SOURCE_2,"[0.69, 0.70)",39.678501938919545
EXT_SOURCE_2,"[0.70, 0.73)",50.230738651260594
EXT_SOURCE_2,"[0.73, inf)",63.09972952215142
EXT_SOURCE_2,Special,7.3875093272873205
EXT_SOURCE_2,Missing,7.3875093272873205
EXT_SOURCE_3,"(-inf, 0.18)",-41.88240693026741
EXT_SOURCE_3,"[0.18, 0.32)",-19.510020392064735
EXT_SOURCE_3,"[0.32, 0.41)",-2.0967492408522315
EXT_SOURCE_3,"[0.41, 0.46)",8.001705305199119
EXT_SOURCE_3,"[0.46, 0.50)",13.48047046342549
EXT_SOURCE_3,"[0.50, 0.57)",22.104171242960458
EXT_SOURCE_3,"[0.57, 0.61)",30.601246366087665
EXT_SOURCE_3,"[0.61, 0.65)",32.619286883650446
EXT_SOURCE_3,"[0.65, 0.70)",38.46741684335203
EXT_SOURCE_3,"[0.70, 0.77)",45.69397819146317
EXT_SOURCE_3,"[0.77, inf)",50.14029103402
EXT_SOURCE_3,Special,7.3875093272873205
EXT_SOURCE_3,Missing,7.3875093272873205
DAYS_LAST_PHONE_CHANGE,"(-inf, -2469.50)",8.575035513228402
DAYS_LAST_PHONE_CHANGE,"[-2469.50, -2050.50)",8.286718626749703
DAYS_LAST_PHONE_CHANGE,"[-2050.50, -1813.50)",8.097730944285104
DAYS_LAST_PHONE_CHANGE,"[-1813.50, -1384.50)",7.935357811014331
DAYS_LAST_PHONE_CHANGE,"[-1384.50, -1122.50)",7.672217749856456
DAYS_LAST_PHONE_CHANGE,"[-1122.50, -956.50)",7.386273053337742
DAYS_LAST_PHONE_CHANGE,"[-956.50, -715.50)",7.257943377152403
DAYS_LAST_PHONE_CHANGE,"[-715.50, -592.50)",7.042961974215655
DAYS_LAST_PHONE_CHANGE,"[-592.50, -347.50)",7.02547756260306
DAYS_LAST_PHONE_CHANGE,"[-347.50, inf)",6.945423801150643
DAYS_LAST_PHONE_CHANGE,Special,7.3875093272873205
DAYS_LAST_PHONE_CHANGE,Missing,7.3875093272873205
ORGANIZATION_TYPE,"['Trade: type 5' 'Trade: type 4' 'Trade: type 6' 'Industry: type 12'
 'Military' 'Police' 'Transport: type 1' 'Security Ministries'
 'University' 'Bank' 'Insurance' 'Industry: type 6' 'Religion' 'School'
 'Culture']",23.733490667897524
ORGANIZATION_TYPE,['Services' 'Hotel' 'Industry: type 5' 'Industry: type 9' 'Medicine'],15.16318551939576
ORGANIZATION_TYPE,"['Trade: type 2' 'Government' 'Emergency' 'Industry: type 10'
 'Kindergarten']",13.438956056136657
ORGANIZATION_TYPE,['Electricity' 'Other'],10.474025469821305
ORGANIZATION_TYPE,"['Industry: type 7' 'Transport: type 2' 'Housing' 'Business Entity Type 1'
 'Postal' 'Telecom' 'Industry: type 2']",7.866670460463787
ORGANIZATION_TYPE,"['Industry: type 11' 'Legal Services' 'Mobile' 'Business Entity Type 2'
 'Advertising' 'Transport: type 4']",4.227717328542909
ORGANIZATION_TYPE,"['Business Entity Type 3' 'Industry: type 4' 'Trade: type 7'
 'Trade: type 1']",1.5622610463324587
ORGANIZATION_TYPE,['Self-employed' 'Trade: type 3' 'Security'],-2.4749797932295134
ORGANIZATION_TYPE,"['Agriculture' 'Industry: type 3' 'Industry: type 1' 'Cleaning' 'Realtor'
 'Restaurant' 'Construction' 'Industry: type 13' 'Transport: type 3'
 'Industry: type 8']",-8.310495589962095
ORGANIZATION_TYPE,Special,7.3875093272873205
ORGANIZATION_TYPE,Missing,7.3875093272873205
DAYS_EMPLOYED_ANOM,"(-inf, 0.50)",7.000223506476827
DAYS_EMPLOYED_ANOM,"[0.50, inf)",9.580894422113875
DAYS_EMPLOYED_ANOM,Special,7.3875093272873205
DAYS_EMPLOYED_ANOM,Missing,7.3875093272873205
CREDIT_ANNUITY_RATIO,"(-inf, 10.78)",32.78925784855379
CREDIT_ANNUITY_RATIO,"[10.78, inf)",5.023928288396774
CREDIT_ANNUITY_RATIO,Special,7.3875093272873205
CREDIT_ANNUITY_RATIO,Missing,7.3875093272873205
GOODS_CREDIT_RATIO,"(-inf, 0.76)",-9.002443901615248
GOODS_CREDIT_RATIO,"[0.76, 0.83)",-2.4767727864659994
GOODS_CREDIT_RATIO,"[0.83, 0.86)",3.406887151952451
GOODS_CREDIT_RATIO,"[0.86, 0.88)",11.239872290209018
GOODS_CREDIT_RATIO,"[0.88, 0.91)",11.268101510820735
GOODS_CREDIT_RATIO,"[0.91, inf)",15.222783760277359
GOODS_CREDIT_RATIO,Special,7.3875093272873205
GOODS_CREDIT_RATIO,Missing,7.3875093272873205
EMPLOYED_BIRTH_RATIO,"(-inf, 0.06)",3.469022432680937
EMPLOYED_BIRTH_RATIO,"[0.06, 0.08)",4.271337326065692
EMPLOYED_BIRTH_RATIO,"[0.08, 0.11)",4.883350819350763
EMPLOYED_BIRTH_RATIO,"[0.11, 0.16)",6.479607327467473
EMPLOYED_BIRTH_RATIO,"[0.16, 0.22)",8.053411466154982
EMPLOYED_BIRTH_RATIO,"[0.22, 0.26)",9.84657757865584
EMPLOYED_BIRTH_RATIO,"[0.26, 0.32)",10.16502698426875
EMPLOYED_BIRTH_RATIO,"[0.32, inf)",13.56900455657006
EMPLOYED_BIRTH_RATIO,Special,7.3875093272873205
EMPLOYED_BIRTH_RATIO,Missing,7.3875093272873205
BUREAU_DAYS_CREDIT_MEAN,"(-inf, -1747.45)",11.086839473765544
BUREAU_DAYS_CREDIT_MEAN,"[-1747.45, -1488.09)",10.956124607550695
BUREAU_DAYS_CREDIT_MEAN,"[-1488.09, -1322.03)",10.357189843511817
BUREAU_DAYS_CREDIT_MEAN,"[-1322.03, -1191.26)",9.556122351468751
BUREAU_DAYS_CREDIT_MEAN,"[-1191.26, -1078.69)",9.114802999426022
BUREAU_DAYS_CREDIT_MEAN,"[-1078.69, -892.31)",8.289962999511566
BUREAU_DAYS_CREDIT_MEAN,"[-892.31, -722.69)",7.262275940114521
BUREAU_DAYS_CREDIT_MEAN,"[-722.69, -540.24)",6.049563875494062
BUREAU_DAYS_CREDIT_MEAN,"[-540.24, -336.59)",4.972687017578938
BUREAU_DAYS_CREDIT_MEAN,"[-336.59, inf)",2.730566186407357
BUREAU_DAYS_CREDIT_MEAN,Special,7.3875093272873205
BUREAU_DAYS_CREDIT_MEAN,Missing,7.3875093272873205
BUREAU_DAYS_CREDIT_MIN,"(-inf, -2843.50)",4.9608210425507
BUREAU_DAYS_CREDIT_MIN,"[-2843.50, -2751.50)",5.621594471492935
BUREAU_DAYS_CREDIT_MIN,"[-2751.50, -2423.50)",5.635501664797455
BUREAU_DAYS_CREDIT_MIN,"[-2423.50, -2026.50)",5.990634635078355
BUREAU_DAYS_CREDIT_MIN,"[-2026.50, -1756.50)",6.281759931867816
BUREAU_DAYS_CREDIT_MIN,"[-1756.50, -1545.50)",6.908043437107441
BUREAU_DAYS_CREDIT_MIN,"[-1545.50, -1363.50)",7.0987529471975925
BUREAU_DAYS_CREDIT_MIN,"[-1363.50, -1064.50)",7.515967975077222
BUREAU_DAYS_CREDIT_MIN,"[-1064.50, -789.50)",8.290701378420463
BUREAU_DAYS_CREDIT_MIN,"[-789.50, -582.50)",8.534664374093559
BUREAU_DAYS_CREDIT_MIN,"[-582.50, -337.50)",9.387601957535374
BUREAU_DAYS_CREDIT_MIN,"[-337.50, inf)",10.675171808704032
BUREAU_DAYS_CREDIT_MIN,Special,7.3875093272873205
BUREAU_DAYS_CREDIT_MIN,Missing,7.3875093272873205
BUREAU_DAYS_CREDIT_MAX,"(-inf, -588.50)",13.48909595528832
BUREAU_DAYS_CREDIT_MAX,"[-588.50, -353.50)",11.524750058914627
BUREAU_DAYS_CREDIT_MAX,"[-353.50, -273.50)",9.374451973355054
BUREAU_DAYS_CREDIT_MAX,"[-273.50, -230.50)",8.212367052171905
BUREAU_DAYS_CREDIT_MAX,"[-230.50, -140.50)",5.854932568119342
BUREAU_DAYS_CREDIT_MAX,"[-140.50, -93.50)",5.507633829819109
BUREAU_DAYS_CREDIT_MAX,"[-93.50, -59.50)",3.833314758489336
BUREAU_DAYS_CREDIT_MAX,"[-59.50, inf)",-0.48703413627948233
BUREAU_DAYS_CREDIT_MAX,Special,7.3875093272873205
BUREAU_DAYS_CREDIT_MAX,Missing,7.3875093272873205
BUREAU_AMT_CREDIT_SUM_MEAN,"(-inf, 48206.62)",3.110958542973825
BUREAU_AMT_CREDIT_SUM_MEAN,"[48206.62, 67562.98)",7.446728052756674
BUREAU_AMT_CREDIT_SUM_MEAN,"[67562.98, 447201.28)",8.076139908177243
BUREAU_AMT_CREDIT_SUM_MEAN,"[447201.28, 653208.94)",8.428668253375932
BUREAU_AMT_CREDIT_SUM_MEAN,"[653208.94, 983361.75)",9.968886697093566
BUREAU_AMT_CREDIT_SUM_MEAN,"[983361.75, inf)",15.615828015388196
BUREAU_AMT_CREDIT_SUM_MEAN,Special,7.3875093272873205
BUREAU_AMT_CREDIT_SUM_MEAN,Missing,7.3875093272873205
BUREAU_AMT_CREDIT_SUM_MAX,"(-inf, 58958.26)",2.2692983993902316
BUREAU_AMT_CREDIT_SUM_MAX,"[58958.26, 95147.28)",7.04313282568929
BUREAU_AMT_CREDIT_SUM_MAX,"[95147.28, 1561470.75)",8.257200861149956
BUREAU_AMT_CREDIT_SUM_MAX,"[1561470.75, 2387558.25)",9.451578881496907
BUREAU_AMT_CREDIT_SUM_MAX,"[2387558.25, inf)",15.075116379815757
BUREAU_AMT_CREDIT_SUM_MAX,Special,7.3875093272873205
BUREAU_AMT_CREDIT_SUM_MAX,Missing,7.3875093272873205
BUREAU_AMT_CREDIT_SUM_DEBT_SUM,"(-inf, 1680.75)",-1.3160222392838454
BUREAU_AMT_CREDIT_SUM_DEBT_SUM,"[1680.75, 170212.50)",7.0433897165868515
BUREAU_AMT_CREDIT_SUM_DEBT_SUM,"[170212.50, 333002.25)",8.163513954825497
BUREAU_AMT_CREDIT_SUM_DEBT_SUM,"[333002.25, 864958.50)",10.149111222451506
BUREAU_AMT_CREDIT_SUM_DEBT_SUM,"[864958.50, inf)",10.362843677620894
BUREAU_AMT_CREDIT_SUM_DEBT_SUM,Special,7.3875093272873205
BUREAU_AMT_CREDIT_SUM_DEBT_SUM,Missing,7.3875093272873205
BUREAU_AMT_CREDIT_SUM_DEBT_MEAN,"(-inf, 2429.25)",20.10420623583436
BUREAU_AMT_CREDIT_SUM_DEBT_MEAN,"[2429.25, 20103.17)",13.31344840627115
BUREAU_AMT_CREDIT_SUM_DEBT_MEAN,"[20103.17, 40246.77)",8.818496734756742
BUREAU_AMT_CREDIT_SUM_DEBT_MEAN,"[40246.77, 60479.65)",5.114786461551277
BUREAU_AMT_CREDIT_SUM_DEBT_MEAN,"[60479.65, 82970.63)",3.681644816748169
BUREAU_AMT_CREDIT_SUM_DEBT_MEAN,"[82970.63, 116833.84)",1.6857203714052642
BUREAU_AMT_CREDIT_SUM_DEBT_MEAN,"[116833.84, 193006.37)",-0.5043146023904805
BUREAU_AMT_CREDIT_SUM_DEBT_MEAN,"[193006.37, 291923.09)",0.955785251996037
BUREAU_AMT_CREDIT_SUM_DEBT_MEAN,"[291923.09, 527246.09)",2.1695262585039816
BUREAU_AMT_CREDIT_SUM_DEBT_MEAN,"[527246.09, inf)",10.484769979821614
BUREAU_AMT_CREDIT_SUM_DEBT_MEAN,Special,7.3875093272873205
BUREAU_AMT_CREDIT_SUM_DEBT_MEAN,Missing,7.3875093272873205
BUREAU_AMT_CREDIT_MAX_OVERDUE_MEAN,"(-inf, 264.01)",12.560962527458024
BUREAU_AMT_CREDIT_MAX_OVERDUE_MEAN,"[264.01, 1921.53)",4.296679222559695
BUREAU_AMT_CREDIT_MAX_OVERDUE_MEAN,"[1921.53, 4253.87)",2.233009126003969
BUREAU_AMT_CREDIT_MAX_OVERDUE_MEAN,"[4253.87, inf)",-0.0029872860677997437
BUREAU_AMT_CREDIT_MAX_OVERDUE_MEAN,Special,7.3875093272873205
BUREAU_AMT_CREDIT_MAX_OVERDUE_MEAN,Missing,7.3875093272873205
BUREAU_AMT_CREDIT_MAX_OVERDUE_MAX,"(-inf, 583.79)",7.648848028419726
BUREAU_AMT_CREDIT_MAX_OVERDUE_MAX,"[583.79, 5966.98)",7.070948897924731
BUREAU_AMT_CREDIT_MAX_OVERDUE_MAX,"[5966.98, inf)",7.116066026167367
BUREAU_AMT_CREDIT_MAX_OVERDUE_MAX,Special,7.3875093272873205
BUREAU_AMT_CREDIT_MAX_OVERDUE_MAX,Missing,7.3875093272873205
BUREAU_DAYS_CREDIT_UPDATE_MEAN,"(-inf, -1047.21)",5.256524649147346
BUREAU_DAYS_CREDIT_UPDATE_MEAN,"[-1047.21, -718.04)",5.7713126776374315
BUREAU_DAYS_CREDIT_UPDATE_MEAN,"[-718.04, -641.97)",6.359813511118585
BUREAU_DAYS_CREDIT_UPDATE_MEAN,"[-641.97, -545.69)",6.588102671362213
BUREAU_DAYS_CREDIT_UPDATE_MEAN,"[-545.69, -428.58)",6.86230109977906
BUREAU_DAYS_CREDIT_UPDATE_MEAN,"[-428.58, -347.45)",7.239457112937557
BUREAU_DAYS_CREDIT_UPDATE_MEAN,"[-347.45, -248.72)",7.669347465907564
BUREAU_DAYS_CREDIT_UPDATE_MEAN,"[-248.72, -115.82)",8.228285626631726
BUREAU_DAYS_CREDIT_UPDATE_MEAN,"[-115.82, -31.38)",8.691937343533958
BUREAU_DAYS_CREDIT_UPDATE_MEAN,"[-31.38, inf)",9.140946379960763
BUREAU_DAYS_CREDIT_UPDATE_MEAN,Special,7.3875093272873205
BUREAU_DAYS_CREDIT_UPDATE_MEAN,Missing,7.3875093272873205
BUREAU_BB_MONTHS_COUNT_MEAN,"(-inf, 11.84)",8.454351615251353
BUREAU_BB_MONTHS_COUNT_MEAN,"[11.84, 19.23)",7.743750754598767
BUREAU_BB_MONTHS_COUNT_MEAN,"[19.23, 32.90)",7.199424069225546
BUREAU_BB_MONTHS_COUNT_MEAN,"[32.90, inf)",6.52862150164383
BUREAU_BB_MONTHS_COUNT_MEAN,Special,7.3875093272873205
BUREAU_BB_MONTHS_COUNT_MEAN,Missing,7.3875093272873205
BUREAU_BB_MONTHS_COUNT_SUM,"(-inf, 0.50)",8.402647693561544
BUREAU_BB_MONTHS_COUNT_SUM,"[0.50, 34.50)",3.2880276558114847
BUREAU_BB_MONTHS_COUNT_SUM,"[34.50, 114.50)",6.7121010925766065
BUREAU_BB_MONTHS_COUNT_SUM,"[114.50, 283.50)",9.181398990896392
BUREAU_BB_MONTHS_COUNT_SUM,"[283.50, inf)",10.710698039410163
BUREAU_BB_MONTHS_COUNT_SUM,Special,7.3875093272873205
BUREAU_BB_MONTHS_COUNT_SUM,Missing,7.3875093272873205
BUREAU_BB_DPD_COUNT_SUM,"(-inf, 0.50)",8.419779486995733
BUREAU_BB_DPD_COUNT_SUM,"[0.50, inf)",4.685890379036881
BUREAU_BB_DPD_COUNT_SUM,Special,7.3875093272873205
BUREAU_BB_DPD_COUNT_SUM,Missing,7.3875093272873205
BUREAU_ACTIVE_COUNT,"(-inf, 0.50)",16.871821001382273
BUREAU_ACTIVE_COUNT,"[0.50, 1.50)",10.777466034455127
BUREAU_ACTIVE_COUNT,"[1.50, 2.50)",9.549444031611365
BUREAU_ACTIVE_COUNT,"[2.50, 3.50)",6.775688676093101
BUREAU_ACTIVE_COUNT,"[3.50, 4.50)",3.4177652832755543
BUREAU_ACTIVE_COUNT,"[4.50, inf)",-3.3319818389272493
BUREAU_ACTIVE_COUNT,Special,7.3875093272873205
BUREAU_ACTIVE_COUNT,Missing,7.3875093272873205
BUREAU_CLOSED_COUNT,"(-inf, 0.50)",1.3319741701238121
BUREAU_CLOSED_COUNT,"[0.50, 1.50)",6.781307158757911
BUREAU_CLOSED_COUNT,"[1.50, 2.50)",9.059675097308375
BUREAU_CLOSED_COUNT,"[2.50, 3.50)",10.655659538154138
BUREAU_CLOSED_COUNT,"[3.50, 6.50)",10.669045981351744
BUREAU_CLOSED_COUNT,"[6.50, inf)",10.806360764600441
BUREAU_CLOSED_COUNT,Special,7.3875093272873205
BUREAU_CLOSED_COUNT,Missing,7.3875093272873205
PREV_AMT_DOWN_PAYMENT_MEAN,"(-inf, 2551.10)",5.551051745829106
PREV_AMT_DOWN_PAYMENT_MEAN,"[2551.10, 3794.98)",6.737994031270493
PREV_AMT_DOWN_PAYMENT_MEAN,"[3794.98, 5264.39)",7.346135654429687
PREV_AMT_DOWN_PAYMENT_MEAN,"[5264.39, 7222.56)",8.515360107811603
PREV_AMT_DOWN_PAYMENT_MEAN,"[7222.56, 9306.45)",9.237785447758906
PREV_AMT_DOWN_PAYMENT_MEAN,"[9306.45, 13604.44)",10.111671650351784
PREV_AMT_DOWN_PAYMENT_MEAN,"[13604.44, 22501.61)",12.008954251600356
PREV_AMT_DOWN_PAYMENT_MEAN,"[22501.61, inf)",12.631769454285415
PREV_AMT_DOWN_PAYMENT_MEAN,Special,7.3875093272873205
PREV_AMT_DOWN_PAYMENT_MEAN,Missing,7.3875093272873205
PREV_DAYS_DECISION_MEAN,"(-inf, -1817.95)",8.030903469317284
PREV_DAYS_DECISION_MEAN,"[-1817.95, -1333.85)",8.494373518594124
PREV_DAYS_DECISION_MEAN,"[-1333.85, -1176.06)",8.685961262432443
PREV_DAYS_DECISION_MEAN,"[-1176.06, -1034.15)",8.083836056356013
PREV_DAYS_DECISION_MEAN,"[-1034.15, -918.74)",7.7603273645242385
PREV_DAYS_DECISION_MEAN,"[-918.74, -770.65)",7.523882887477143
PREV_DAYS_DECISION_MEAN,"[-770.65, -606.54)",7.2707038267768125
PREV_DAYS_DECISION_MEAN,"[-606.54, -530.12)",7.052918723432807
PREV_DAYS_DECISION_MEAN,"[-530.12, -375.53)",6.694859860604744
PREV_DAYS_DECISION_MEAN,"[-375.53, -314.79)",6.182030834685589
PREV_DAYS_DECISION_MEAN,"[-314.79, inf)",5.940720292052406
PREV_DAYS_DECISION_MEAN,Special,7.3875093272873205
PREV_DAYS_DECISION_MEAN,Missing,7.3875093272873205
PREV_DAYS_DECISION_MIN,"(-inf, -2763.50)",5.314304426530812
PREV_DAYS_DECISION_MIN,"[-2763.50, -2644.50)",5.932457315510846
PREV_DAYS_DECISION_MIN,"[-2644.50, -2465.50)",6.122130154077413
PREV_DAYS_DECISION_MIN,"[-2465.50, -2040.50)",6.360527417136564
PREV_DAYS_DECISION_MIN,"[-2040.50, -1822.50)",6.7557193126459145
PREV_DAYS_DECISION_MIN,"[-1822.50, -1122.50)",7.215167845141234
PREV_DAYS_DECISION_MIN,"[-1122.50, -756.50)",8.226798256957037
PREV_DAYS_DECISION_MIN,"[-756.50, -592.50)",8.979176857469342
PREV_DAYS_DECISION_MIN,"[-592.50, -314.50)",9.010247327648518
PREV_DAYS_DECISION_MIN,"[-314.50, inf)",9.372566727172195
PREV_DAYS_DECISION_MIN,Special,7.3875093272873205
PREV_DAYS_DECISION_MIN,Missing,7.3875093272873205
PREV_CNT_PAYMENT_MEAN,"(-inf, 5.55)",-0.9408067633305786
PREV_CNT_PAYMENT_MEAN,"[5.55, 6.04)",4.724466440634271
PREV_CNT_PAYMENT_MEAN,"[6.04, 8.19)",15.308175037048674
PREV_CNT_PAYMENT_MEAN,"[8.19, 10.13)",16.072315393785566
PREV_CNT_PAYMENT_MEAN,"[10.13, 11.90)",21.188328018025675
PREV_CNT_PAYMENT_MEAN,"[11.90, 17.80)",8.099208276683218
PREV_CNT_PAYMENT_MEAN,"[17.80, 19.69)",4.028939128714713
PREV_CNT_PAYMENT_MEAN,"[19.69, 24.05)",0.9966386488015901
PREV_CNT_PAYMENT_MEAN,"[24.05, inf)",-10.891071794352367
PREV_CNT_PAYMENT_MEAN,Special,7.3875093272873205
PREV_CNT_PAYMENT_MEAN,Missing,7.3875093272873205
PREV_CNT_PAYMENT_SUM,"(-inf, 8.50)",7.154990019237125
PREV_CNT_PAYMENT_SUM,"[8.50, 14.50)",7.2613664452707045
PREV_CNT_PAYMENT_SUM,"[14.50, 36.50)",7.537704004046001
PREV_CNT_PAYMENT_SUM,"[36.50, 46.50)",7.8123956635396965
PREV_CNT_PAYMENT_SUM,"[46.50, 59.50)",7.533629875321858
PREV_CNT_PAYMENT_SUM,"[59.50, 93.50)",7.405748037394103
PREV_CNT_PAYMENT_SUM,"[93.50, 118.50)",7.318247901877312
PREV_CNT_PAYMENT_SUM,"[118.50, 173.50)",7.1795505499148575
PREV_CNT_PAYMENT_SUM,"[173.50, inf)",6.681232105043381
PREV_CNT_PAYMENT_SUM,Special,7.3875093272873205
PREV_CNT_PAYMENT_SUM,Missing,7.3875093272873205
PREV_APP_CREDIT_RATIO_MEAN,"(-inf, 0.73)",6.228783003246093
PREV_APP_CREDIT_RATIO_MEAN,"[0.73, 0.84)",0.9229607368270392
PREV_APP_CREDIT_RATIO_MEAN,"[0.84, 0.90)",-4.310660219374898
PREV_APP_CREDIT_RATIO_MEAN,"[0.90, 0.92)",-1.5042466629260858
PREV_APP_CREDIT_RATIO_MEAN,"[0.92, 0.93)",-0.7788907497687223
PREV_APP_CREDIT_RATIO_MEAN,"[0.93, 0.95)",3.347137872428565
PREV_APP_CREDIT_RATIO_MEAN,"[0.95, 0.96)",4.357428193458914
PREV_APP_CREDIT_RATIO_MEAN,"[0.96, 0.98)",9.404556812798393
PREV_APP_CREDIT_RATIO_MEAN,"[0.98, 1.00)",10.170307707313363
PREV_APP_CREDIT_RATIO_MEAN,"[1.00, 1.03)",11.92958926966968
PREV_APP_CREDIT_RATIO_MEAN,"[1.03, 1.06)",13.279605157949526
PREV_APP_CREDIT_RATIO_MEAN,"[1.06, 1.18)",17.018735237083554
PREV_APP_CREDIT_RATIO_MEAN,"[1.18, inf)",20.739960680958
PREV_APP_CREDIT_RATIO_MEAN,Special,7.3875093272873205
PREV_APP_CREDIT_RATIO_MEAN,Missing,7.3875093272873205
PREV_APP_CREDIT_RATIO_MAX,"(-inf, 0.90)",6.528406989552901
PREV_APP_CREDIT_RATIO_MAX,"[0.90, 1.00)",6.939664872083698
PREV_APP_CREDIT_RATIO_MAX,"[1.00, 1.03)",6.9621365114096925
PREV_APP_CREDIT_RATIO_MAX,"[1.03, 1.06)",7.333169157521352
PREV_APP_CREDIT_RATIO_MAX,"[1.06, 1.11)",7.461599980967968
PREV_APP_CREDIT_RATIO_MAX,"[1.11, 1.14)",7.723883992389507
PREV_APP_CREDIT_RATIO_MAX,"[1.14, 1.25)",7.741493083346463
PREV_APP_CREDIT_RATIO_MAX,"[1.25, 1.43)",8.073389858027145
PREV_APP_CREDIT_RATIO_MAX,"[1.43, inf)",8.418694056966638
PREV_APP_CREDIT_RATIO_MAX,Special,7.3875093272873205
PREV_APP_CREDIT_RATIO_MAX,Missing,7.3875093272873205
PREV_REFUSED_COUNT,"(-inf, 0.50)",12.188264997879095
PREV_REFUSED_COUNT,"[0.50, 1.50)",3.951536698031507
PREV_REFUSED_COUNT,"[1.50, 3.50)",-2.600583127623466
PREV_REFUSED_COUNT,"[3.50, inf)",-11.22908928394768
PREV_REFUSED_COUNT,Special,7.3875093272873205
PREV_REFUSED_COUNT,Missing,7.3875093272873205
INST_PAYMENT_DIFF_MEAN,"(-inf, -1429.26)",17.941900677692708
INST_PAYMENT_DIFF_MEAN,"[-1429.26, 15.31)",10.389800577746206
INST_PAYMENT_DIFF_MEAN,"[15.31, 196.10)",8.253920550951346
INST_PAYMENT_DIFF_MEAN,"[196.10, 424.98)",4.354171732789974
INST_PAYMENT_DIFF_MEAN,"[424.98, 869.20)",0.6308017677338142
INST_PAYMENT_DIFF_MEAN,"[869.20, 1720.58)",-1.0744756123936137
INST_PAYMENT_DIFF_MEAN,"[1720.58, inf)",-3.549339066104202
INST_PAYMENT_DIFF_MEAN,Special,7.3875093272873205
INST_PAYMENT_DIFF_MEAN,Missing,7.3875093272873205
INST_PAYMENT_DIFF_SUM,"(-inf, -19983.64)",6.0084576661551905
INST_PAYMENT_DIFF_SUM,"[-19983.64, 2182.43)",7.014967918008744
INST_PAYMENT_DIFF_SUM,"[2182.43, 9843.50)",8.150868723312604
INST_PAYMENT_DIFF_SUM,"[9843.50, 40702.05)",8.294084852530638
INST_PAYMENT_DIFF_SUM,"[40702.05, inf)",8.337625798981902
INST_PAYMENT_DIFF_SUM,Special,7.3875093272873205
INST_PAYMENT_DIFF_SUM,Missing,7.3875093272873205
INST_PAYMENT_DIFF_MAX,"(-inf, 181.73)",6.2930627713170475
INST_PAYMENT_DIFF_MAX,"[181.73, 8812.64)",8.992774002154828
INST_PAYMENT_DIFF_MAX,"[8812.64, 12261.04)",9.41011943492608
INST_PAYMENT_DIFF_MAX,"[12261.04, 29529.34)",8.839679436123019
INST_PAYMENT_DIFF_MAX,"[29529.34, inf)",8.297558701244926
INST_PAYMENT_DIFF_MAX,Special,7.3875093272873205
INST_PAYMENT_DIFF_MAX,Missing,7.3875093272873205
INST_PAYMENT_RATIO_MEAN,"(-inf, 0.80)",6.103810573901637
INST_PAYMENT_RATIO_MEAN,"[0.80, 0.90)",6.6040717829226345
INST_PAYMENT_RATIO_MEAN,"[0.90, 0.94)",6.72420610970912
INST_PAYMENT_RATIO_MEAN,"[0.94, 0.96)",7.1374081871880115
INST_PAYMENT_RATIO_MEAN,"[0.96, 0.98)",7.285190552572079
INST_PAYMENT_RATIO_MEAN,"[0.98, 1.06)",7.641298047720754
INST_PAYMENT_RATIO_MEAN,"[1.06, inf)",8.185911424379231
INST_PAYMENT_RATIO_MEAN,Special,7.3875093272873205
INST_PAYMENT_RATIO_MEAN,Missing,7.3875093272873205
INST_PAYMENT_RATIO_MIN,"(-inf, 0.11)",8.122203113632473
INST_PAYMENT_RATIO_MIN,"[0.11, 1.00)",7.83332484991484
INST_PAYMENT_RATIO_MIN,"[1.00, inf)",6.891429534221354
INST_PAYMENT_RATIO_MIN,Special,7.3875093272873205
INST_PAYMENT_RATIO_MIN,Missing,7.3875093272873205
INST_DPD_MEAN,"(-inf, 0.02)",13.387392386309038
INST_DPD_MEAN,"[0.02, 0.08)",10.877189355933872
INST_DPD_MEAN,"[0.08, 0.18)",6.65500697946289
INST_DPD_MEAN,"[0.18, 0.40)",5.008916974969081
INST_DPD_MEAN,"[0.40, 0.80)",1.1403513144664443
INST_DPD_MEAN,"[0.80, 2.15)",-1.5233136483171146
INST_DPD_MEAN,"[2.15, inf)",-5.620696855098903
INST_DPD_MEAN,Special,7.3875093272873205
INST_DPD_MEAN,Missing,7.3875093272873205
INST_DPD_MAX,"(-inf, 0.50)",11.57931939344751
INST_DPD_MAX,"[0.50, 1.50)",7.26066982488557
INST_DPD_MAX,"[1.50, 3.50)",6.333274996204043
INST_DPD_MAX,"[3.50, 6.50)",4.3181040601339475
INST_DPD_MAX,"[6.50, 32.50)",2.5877449525562626
INST_DPD_MAX,"[32.50, inf)",0.1361040662200903
INST_DPD_MAX,Special,7.3875093272873205
INST_DPD_MAX,Missing,7.3875093272873205
INST_DPD_SUM,"(-inf, 1.50)",8.279485499143124
INST_DPD_SUM,"[1.50, 6.50)",6.941109911894365
INST_DPD_SUM,"[6.50, 10.50)",6.7997867096734925
INST_DPD_SUM,"[10.50, 27.50)",6.455829070067086
INST_DPD_SUM,"[27.50, 149.50)",6.143389158952907
INST_DPD_SUM,"[149.50, inf)",6.081233103668819
INST_DPD_SUM,Special,7.3875093272873205
INST_DPD_SUM,Missing,7.3875093272873205
INST_AMT_PAYMENT_SUM,"(-inf, 45945.88)",-6.75243916002428
INST_AMT_PAYMENT_SUM,"[45945.88, 75351.87)",-1.8123913368498865
INST_AMT_PAYMENT_SUM,"[75351.87, 105386.04)",1.361417254272943
INST_AMT_PAYMENT_SUM,"[105386.04, 143928.30)",4.572205957167705
INST_AMT_PAYMENT_SUM,"[143928.30, 209543.17)",6.659357753078293
INST_AMT_PAYMENT_SUM,"[209543.17, 347800.48)",9.085184121069371
INST_AMT_PAYMENT_SUM,"[347800.48, 436818.06)",11.650166308222822
INST_AMT_PAYMENT_SUM,"[436818.06, 552972.28)",13.407955275317477
INST_AMT_PAYMENT_SUM,"[552972.28, inf)",10.826464093683823
INST_AMT_PAYMENT_SUM,Special,7.3875093272873205
INST_AMT_PAYMENT_SUM,Missing,7.3875093272873205
INST_AMT_PAYMENT_MEAN,"(-inf, 4049.12)",3.933679202043465
INST_AMT_PAYMENT_MEAN,"[4049.12, 5508.88)",5.280705496841888
INST_AMT_PAYMENT_MEAN,"[5508.88, 6743.40)",5.7369672318398734
INST_AMT_PAYMENT_MEAN,"[6743.40, 8666.72)",6.801568433124967
INST_AMT_PAYMENT_MEAN,"[8666.72, 10312.22)",7.554383144996589
INST_AMT_PAYMENT_MEAN,"[10312.22, 12075.80)",7.82067377611436
INST_AMT_PAYMENT_MEAN,"[12075.80, 23404.85)",7.981553968202999
INST_AMT_PAYMENT_MEAN,"[23404.85, 51995.99)",8.606582413651008
INST_AMT_PAYMENT_MEAN,"[51995.99, inf)",9.307950204830355
INST_AMT_PAYMENT_MEAN,Special,7.3875093272873205
INST_AMT_PAYMENT_MEAN,Missing,7.3875093272873205
INST_AMT_INSTALMENT_SUM,"(-inf, 46016.21)",-0.37882314998915767
INST_AMT_INSTALMENT_SUM,"[46016.21, 71716.05)",2.233188943930141
INST_AMT_INSTALMENT_SUM,"[71716.05, 105597.59)",3.7054742046671842
INST_AMT_INSTALMENT_SUM,"[105597.59, 135395.44)",5.695339245597298
INST_AMT_INSTALMENT_SUM,"[135395.44, 170470.20)",6.3718134807173055
INST_AMT_INSTALMENT_SUM,"[170470.20, 209544.12)",7.339810613622099
INST_AMT_INSTALMENT_SUM,"[209544.12, 340229.80)",7.970308474222332
INST_AMT_INSTALMENT_SUM,"[340229.80, 440001.38)",9.38022238252377
INST_AMT_INSTALMENT_SUM,"[440001.38, 582698.66)",10.891163281268003
INST_AMT_INSTALMENT_SUM,"[582698.66, 2427026.38)",9.306667522131384
INST_AMT_INSTALMENT_SUM,"[2427026.38, inf)",8.097442915710673
INST_AMT_INSTALMENT_SUM,Special,7.3875093272873205
INST_AMT_INSTALMENT_SUM,Missing,7.3875093272873205
INST_AMT_INSTALMENT_MEAN,"(-inf, 4401.98)",7.330152741274179
INST_AMT_INSTALMENT_MEAN,"[4401.98, 6081.47)",7.353456744988149
INST_AMT_INSTALMENT_MEAN,"[6081.47, 7000.22)",7.358958471663129
INST_AMT_INSTALMENT_MEAN,"[7000.22, 9078.90)",7.376415806965296
INST_AMT_INSTALMENT_MEAN,"[9078.90, 11702.72)",7.390413624372075
INST_AMT_INSTALMENT_MEAN,"[11702.72, 13074.63)",7.393361456943158
INST_AMT_INSTALMENT_MEAN,"[13074.63, 23470.97)",7.399257345505086
INST_AMT_INSTALMENT_MEAN,"[23470.97, 48548.33)",7.406717043571126
INST_AMT_INSTALMENT_MEAN,"[48548.33, inf)",7.415495375679143
INST_AMT_INSTALMENT_MEAN,Special,7.3875093272873205
INST_AMT_INSTALMENT_MEAN,Missing,7.3875093272873205
POS_COUNT,"(-inf, 13.50)",-1.7989399797676988
POS_COUNT,"[13.50, 16.50)",-0.7820882568942409
POS_COUNT,"[16.50, 22.50)",6.061629676822044
POS_COUNT,"[22.50, 25.50)",8.265983378212141
POS_COUNT,"[25.50, 31.50)",11.473891119692844
POS_COUNT,"[31.50, 48.50)",14.505614484191291
POS_COUNT,"[48.50, 73.50)",20.7134478753705
POS_COUNT,"[73.50, inf)",14.275997076723005
POS_COUNT,Special,7.3875093272873205
POS_COUNT,Missing,7.3875093272873205
POS_MONTHS_BALANCE_MEAN,"(-inf, -69.45)",7.504104541556521
POS_MONTHS_BALANCE_MEAN,"[-69.45, -56.00)",7.889671810760718
POS_MONTHS_BALANCE_MEAN,"[-56.00, -44.71)",8.079442066719645
POS_MONTHS_BALANCE_MEAN,"[-44.71, -36.35)",8.114470565903368
POS_MONTHS_BALANCE_MEAN,"[-36.35, -32.32)",8.384576127670071
POS_MONTHS_BALANCE_MEAN,"[-32.32, -27.19)",7.723871226390802
POS_MONTHS_BALANCE_MEAN,"[-27.19, -23.52)",7.361431750709546
POS_MONTHS_BALANCE_MEAN,"[-23.52, -18.08)",7.094432065395264
POS_MONTHS_BALANCE_MEAN,"[-18.08, -10.79)",6.696611324868472
POS_MONTHS_BALANCE_MEAN,"[-10.79, -7.44)",6.321764758377313
POS_MONTHS_BALANCE_MEAN,"[-7.44, inf)",6.147122587505488
POS_MONTHS_BALANCE_MEAN,Special,7.3875093272873205
POS_MONTHS_BALANCE_MEAN,Missing,7.3875093272873205
POS_MONTHS_BALANCE_MIN,"(-inf, -91.50)",11.385805408963272
POS_MONTHS_BALANCE_MIN,"[-91.50, -84.50)",10.125450078326473
POS_MONTHS_BALANCE_MIN,"[-84.50, -67.50)",9.338672919742512
POS_MONTHS_BALANCE_MIN,"[-67.50, -59.50)",8.27446041990431
POS_MONTHS_BALANCE_MIN,"[-59.50, -36.50)",7.539676529599526
POS_MONTHS_BALANCE_MIN,"[-36.50, -24.50)",5.461743186113279
POS_MONTHS_BALANCE_MIN,"[-24.50, -19.50)",4.084669664966312
POS_MONTHS_BALANCE_MIN,"[-19.50, inf)",4.010391728123764
POS_MONTHS_BALANCE_MIN,Special,7.3875093272873205
POS_MONTHS_BALANCE_MIN,Missing,7.3875093272873205
POS_SK_DPD_DEF_MEAN,"(-inf, 0.02)",8.226809899185938
POS_SK_DPD_DEF_MEAN,"[0.02, 0.21)",4.8656847571441375
POS_SK_DPD_DEF_MEAN,"[0.21, inf)",-1.4273451129210155
POS_SK_DPD_DEF_MEAN,Special,7.3875093272873205
POS_SK_DPD_DEF_MEAN,Missing,7.3875093272873205
POS_SK_DPD_DEF_MAX,"(-inf, 2.50)",7.7384936781840645
POS_SK_DPD_DEF_MAX,"[2.50, inf)",3.914343894272581
POS_SK_DPD_DEF_MAX,Special,7.3875093272873205
POS_SK_DPD_DEF_MAX,Missing,7.3875093272873205
CC_AMT_BALANCE_MEAN,"(-inf, 28.06)",6.789079010686257
CC_AMT_BALANCE_MEAN,"[28.06, 32490.17)",7.1369274888599525
CC_AMT_BALANCE_MEAN,"[32490.17, 85006.08)",7.725133927820876
CC_AMT_BALANCE_MEAN,"[85006.08, inf)",8.098459628837857
CC_AMT_BALANCE_MEAN,Special,7.3875093272873205
CC_AMT_BALANCE_MEAN,Missing,7.3875093272873205
CC_AMT_BALANCE_MAX,"(-inf, 30492.16)",5.0725862179308026
CC_AMT_BALANCE_MAX,"[30492.16, 128381.13)",8.011996564813394
CC_AMT_BALANCE_MAX,"[128381.13, 229839.55)",8.984193608746725
CC_AMT_BALANCE_MAX,"[229839.55, inf)",9.81843175747255
CC_AMT_BALANCE_MAX,Special,7.3875093272873205
CC_AMT_BALANCE_MAX,Missing,7.3875093272873205
CC_UTILIZATION_MEAN,"(-inf, 0.12)",9.61545656132197
CC_UTILIZATION_MEAN,"[0.12, 0.55)",7.437831288363938
CC_UTILIZATION_MEAN,"[0.55, inf)",4.231023868497423
CC_UTILIZATION_MEAN,Special,7.3875093272873205
CC_UTILIZATION_MEAN,Missing,7.3875093272873205
CC_UTILIZATION_MAX,"(-inf, 0.91)",22.095281026474265
CC_UTILIZATION_MAX,"[0.91, 1.04)",-0.03054114073375036
CC_UTILIZATION_MAX,"[1.04, inf)",-11.751295776274176
CC_UTILIZATION_MAX,Special,7.3875093272873205
CC_UTILIZATION_MAX,Missing,7.3875093272873205
CC_AMT_DRAWINGS_CURRENT_SUM,"(-inf, 42750.25)",-3.1882131791684882
CC_AMT_DRAWINGS_CURRENT_SUM,"[42750.25, 164544.95)",15.899459573634683
CC_AMT_DRAWINGS_CURRENT_SUM,"[164544.95, 304152.75)",16.45562112342926
CC_AMT_DRAWINGS_CURRENT_SUM,"[304152.75, inf)",12.210581299207647
CC_AMT_DRAWINGS_CURRENT_SUM,Special,7.3875093272873205
CC_AMT_DRAWINGS_CURRENT_SUM,Missing,7.3875093272873205
CC_AMT_DRAWINGS_CURRENT_MEAN,"(-inf, 1027.19)",14.587599780269585
CC_AMT_DRAWINGS_CURRENT_MEAN,"[1027.19, 5456.94)",9.944969276835264
CC_AMT_DRAWINGS_CURRENT_MEAN,"[5456.94, 20491.89)",0.8919230727541123
CC_AMT_DRAWINGS_CURRENT_MEAN,"[20491.89, inf)",-1.100775258976178
CC_AMT_DRAWINGS_CURRENT_MEAN,Special,7.3875093272873205
CC_AMT_DRAWINGS_CURRENT_MEAN,Missing,7.3875093272873205
CC_AMT_PAYMENT_CURRENT_SUM,"(-inf, 1084.32)",13.056619544156195
CC_AMT_PAYMENT_CURRENT_SUM,"[1084.32, 144451.44)",-0.3371429971626263
CC_AMT_PAYMENT_CURRENT_SUM,"[144451.44, 337297.44)",4.80112986377119
CC_AMT_PAYMENT_CURRENT_SUM,"[337297.44, inf)",7.097341243020691
CC_AMT_PAYMENT_CURRENT_SUM,Special,7.3875093272873205
CC_AMT_PAYMENT_CURRENT_SUM,Missing,7.3875093272873205
CC_AMT_PAYMENT_CURRENT_MEAN,"(-inf, 5039.92)",7.4117633853218035
CC_AMT_PAYMENT_CURRENT_MEAN,"[5039.92, 18563.01)",7.935347836441785
CC_AMT_PAYMENT_CURRENT_MEAN,"[18563.01, inf)",7.871018437899835
CC_AMT_PAYMENT_CURRENT_MEAN,Special,7.3875093272873205
CC_AMT_PAYMENT_CURRENT_MEAN,Missing,7.3875093272873205
CC_CNT_DRAWINGS_CURRENT_SUM,"(-inf, 4.50)",1.0932583435077028
CC_CNT_DRAWINGS_CURRENT_SUM,"[4.50, 18.50)",10.0587835901618
CC_CNT_DRAWINGS_CURRENT_SUM,"[18.50, 42.50)",13.465743438519521
CC_CNT_DRAWINGS_CURRENT_SUM,"[42.50, inf)",15.005969298139668
CC_CNT_DRAWINGS_CURRENT_SUM,Special,7.3875093272873205
CC_CNT_DRAWINGS_CURRENT_SUM,Missing,7.3875093272873205
CC_CNT_DRAWINGS_CURRENT_MEAN,"(-inf, 0.11)",21.00174571621217
CC_CNT_DRAWINGS_CURRENT_MEAN,"[0.11, 0.59)",10.921700251510236
CC_CNT_DRAWINGS_CURRENT_MEAN,"[0.59, 2.28)",-6.1802984538801224
CC_CNT_DRAWINGS_CURRENT_MEAN,"[2.28, inf)",-14.874293735042802
CC_CNT_DRAWINGS_CURRENT_MEAN,Special,7.3875093272873205
CC_CNT_DRAWINGS_CURRENT_MEAN,Missing,7.3875093272873205
